item,type(regulation|report|survey),date,url,key_point,label
EU AI Act Article 4 (AI literacy),regulation,2025-02-02,https://eur-lex.europa.eu/eli/reg/2024/1689/oj,Providers/deployers must ensure sufficient AI literacy of staff; application date per brief - NOT VERIFIED in this session (EUR-Lex and artificialintelligenceact.eu blocked by egress; search budget exhausted),UNVERIFIED - verify
US DOL AI Literacy Framework,regulation,2026-02-13,https://www.dol.gov/newsroom/releases/eta/eta20260213,"Five content areas: Understanding AI Principles, Exploring AI Uses, Directing AI Effectively, Evaluating AI Outputs, Using AI Responsibly",FACT
US DOL TEN 06-25 (employer AI literacy guidance),regulation,2025,https://www.dol.gov/sites/dolgov/files/ETA/advisories/TEN/2025/TEN%2006-25/Attachment%20I%20(Accessible%20PDF).pdf,DOL guidance encourages employer AI literacy training (Ogletree summary https://ogletree.com/insights-resources/blog-posts/new-dol-guidance-encourages-employer-ai-literacy-training/),FACT
Section AI Proficiency Report 2025,report,2025-06-10,https://www.businesswire.com/news/home/20250610142741/en/The-AI-Proficiency-Crisis-Enterprise-AI-Investments-Jump-While-AI-Skills-Flatline,Only 10% of workforce AI-proficient; 60% of companies mandate/encourage AI but only 43% provide training,PLATFORM-REPORTED
Workera AI agents skills report,report,2026,https://www.prnewswire.com/news-releases/only-13-of-enterprise-employees-possess-the-critical-skills-to-understand-and-work-with-ai-agents-workera-report-finds-302777709.html,Only 13% of enterprise employees possess critical skills to understand and work with AI agents,PLATFORM-REPORTED
Josh Bersin Definitive Guide to Corporate Learning 2026,report,2026-02,https://joshbersin.com/2026/02/new-research-how-ai-transforms-400-billion-of-corporate-learning/,$400B corporate training market shifting to AI-fueled 'Dynamic Enablement',THIRD-PARTY ESTIMATE
Bright Horizons 2026 Workforce Outlook,survey,2026,https://investors.brighthorizons.com/news-releases/news-release-details/2026-workforce-outlook-employers-prioritize-ai-literacy-and,42% expect role to change significantly due to AI; 17% use AI frequently; 42% say employer expects them to learn AI on their own,THIRD-PARTY ESTIMATE
Deloitte State of AI in the Enterprise 2026,survey,2026,https://www.deloitte.com/us/en/what-we-do/capabilities/applied-artificial-intelligence/content/state-of-ai-in-the-enterprise.html,Search summary: worker access to AI rose 50% in 2025; less prepared on talent than strategy (attribution to Deloitte inferred from result set),THIRD-PARTY ESTIMATE
Gallup - Rising AI Adoption Spurs Workforce Changes,survey,2025-Q3,https://www.gallup.com/workplace/704225/rising-adoption-spurs-workforce-changes.aspx,Continued rise in US workforce AI adoption Q2 to Q3 2025,THIRD-PARTY ESTIMATE
BCG - Strategies to Tackle the AI Skills Gap,report,2025,https://www.bcg.com/publications/2025/strategies-tackle-ai-skills-gap,AI skills gap strategies (figures not captured),THIRD-PARTY ESTIMATE
BCG - AI Transformation Is a Workforce Transformation,report,2026,https://www.bcg.com/publications/2026/ai-transformation-is-a-workforce-transformation,Workforce framing of AI transformation (figures not captured),THIRD-PARTY ESTIMATE
Capgemini Research Institute - Harnessing the value of AI 2025,report,2025-09,https://www.capgemini.com/wp-content/uploads/2025/09/Final-Web-version-Report-Gen-AI-in-Organizations.pdf,GenAI in organizations research brief (figures not captured),THIRD-PARTY ESTIMATE
SF Fed - AI and implications for workforce systems,report,2026-03,https://www.frbsf.org/research-and-insights/publications/community-development-articles/2026/03/ai-and-implications-for-workforce-systems/,How workforce/training orgs navigate AI adoption,THIRD-PARTY ESTIMATE
FE International - EdTech M&A 2026,report,2026,https://www.feinternational.com/blog/edtech-ma,Corporate training market $444.86B in 2025; ~360 edtech M&A transactions and $2.4B edtech VC in 2025,THIRD-PARTY ESTIMATE
Solganick EdTech M&A Update Q4 2025 & 2026 Outlook,report,2026-03,https://solganick.com/wp-content/uploads/2026/03/Solganick-Education-and-Learning-Technology-Mergers-Update-Q4-2025-and-2026-Outlook-final.pdf,EdTech/learning-tech M&A review (figures not captured),THIRD-PARTY ESTIMATE
"Degreed - How the Workforce Learns Gen AI (2,700 leaders)",survey,2025,https://degreed.com/experience/blog/how-the-workforce-learns-gen-ai-see-what-2700-leaders-say/,"Survey of 2,700 leaders on GenAI learning",PLATFORM-REPORTED
Cognizant-Oxford Economics study,report,2025,https://news.cognizant.com/2025-12-04-Cognizant-Doubles-Down-on-Synapse-Commitment-with-New-Target-to-Reach-Two-Million-by-2030,90% of jobs will experience AI disruption within a decade,PLATFORM-REPORTED
LinkedIn Workplace Learning Report 2025/2026,report,,,NOT RETRIEVED this session (search budget exhausted),UNVERIFIED
Microsoft Work Trend Index 2025,survey,,,NOT RETRIEVED this session,UNVERIFIED
BCG AI at Work 2025,survey,,,NOT RETRIEVED this session,UNVERIFIED
Gartner (L&D / AI skills),report,,,NOT RETRIEVED this session; only Gartner Market Guide for DAPs 2025 mention via Whatfix,UNVERIFIED
